INSERT INTO `location` (`lno`, `rno`, `sno`)
VALUES
  (1, 1, 1),
  (2, 2, 2),
  (3, 3, 3),
  (4, 4, 4),
  (5, 5, 5),
  (6, 6, 6),
  (7, 7, 7),
  (8, 8, 8),
  (9, 9, 9),
  (10, 10, 10);

INSERT INTO `party` (`pno`, `sno`, `lno`, `title`, `act`, `cont`, `cdt`, `headcnt`, `ptime`, `pdate`)
VALUES
  (1, 1, 1, '파티원모집함', 1, '3대측정할 파티원모집함', '2022-10-06 00:00:00', 5, '17:00:00', '2022-10-06'),
  (2, 2, 2, '클라이밍가실분', 1, '망포 동동이클라이밍장 좋아요 커몬요!', '2022-10-06 00:00:00', 5, '10:00:00', '2022-10-06'),
  (3, 3, 3, '배드민턴 치실분?', 1, '동탄호수공원에서 쳐요!', '2022-10-06 00:00:00', 5, '18:00:00', '2022-10-06'),
  (4, 4, 4, '축구하십시더! ', 1, '24명 구해봐요!', '2022-10-06 00:00:00', 5, '17:00:00', '2022-10-06'),
  (5, 5, 5, '농구 고고', 1, '신나게 달려보시져 ', '2022-10-06 00:00:00', 5, '17:00:00', '2022-10-06');


  INSERT INTO `member` (`mno`, `name`, `email`, `pwd`, `nick`, `tel`, `bday`, `sex`, `filepath`, `cdt`, `act`, `black`, `secqno`, `sa`)
VALUES
  (1, '이헌식', 'sik@test.com', '0ffe1abd1a08215353c233d6e009613e95eec4253832a761af28ff37ac5a150c', '흔시기', 1011112222, '1990-02-06', 0, '26920e00-03fa-400d-a287-00460213ce49', '2022-10-06 00:00:00', 0, 0, 1, '셸티'),
  (2, '박병민', 'min@test.com', '0ffe1abd1a08215353c233d6e009613e95eec4253832a761af28ff37ac5a150c', '병미니', 1033334444, '1994-02-06', 0, 'e4797a10-bb17-473e-b8f1-1379804ce6c5', '2022-10-06 00:00:00', 0, 0, 1, '불독'),
  (3, '임은지', 'gi@test.com', '0ffe1abd1a08215353c233d6e009613e95eec4253832a761af28ff37ac5a150c', '이문지', 1055556666, '1994-02-06', 0, '73a5722e-7dae-4b35-adc8-56640d7fde35', '2022-10-06 00:00:00', 0, 0, 1, '웰시코기'),
  (4, '유제동', 'dongdong@test.com', '0ffe1abd1a08215353c233d6e009613e95eec4253832a761af28ff37ac5a150c', '동동이', 1077778888, '1995-02-06', 0, '9bed1978-2b0d-4356-8227-9ae05274a488', '2022-10-06 00:00:00', 0, 0, 1, '말티즈'),
  (5, '최종찬', 'chan@test.com', '0ffe1abd1a08215353c233d6e009613e95eec4253832a761af28ff37ac5a150c', '종차니', 1099991121, '1991-02-06', 0, '4a245719-e75f-4344-8ce4-d92215260da8', '2022-10-06 00:00:00', 0, 0, 1, '치와와'),
  (6, '안치운', 'an@test.com', '0ffe1abd1a08215353c233d6e009613e95eec4253832a761af28ff37ac5a150c', '치우니', 1091991121, '1997-03-06', 0, '4a245719-e75f-4344-8ce4-d92215260da8', '2022-10-06 00:00:00', 0, 0, 1, '도베르만'),
  (7, '황의찬', 'eeeechan@test.com', '0ffe1abd1a08215353c233d6e009613e95eec4253832a761af28ff37ac5a150c', '의차니', 1033391121, '1997-02-11', 0, '4a245719-e75f-4344-8ce4-d92215260da8', '2022-10-06 00:00:00', 0, 0, 1, '진돗개'),
  (8, '주 영', ' joo@test.com', '0ffe1abd1a08215353c233d6e009613e95eec4253832a761af28ff37ac5a150c', '영이', 1098891121, '1991-02-06', 0, '4a245719-e75f-4344-8ce4-d92215260da8', '2022-10-06 00:00:00', 0, 0, 1, '슈바우쳐'),
  (9, '임동현', 'lim@test.com', '0ffe1abd1a08215353c233d6e009613e95eec4253832a761af28ff37ac5a150c', '림동', 1022991121, '1990-03-06', 0, '4a245719-e75f-4344-8ce4-d92215260da8', '2022-10-06 00:00:00', 0, 0, 1, '푸들'),
  (10, '장슬기', 'sulgi@test.com', '0ffe1abd1a08215353c233d6e009613e95eec4253832a761af28ff37ac5a150c', '스기', 1099891121, '1990-06-06', 0, '4a245719-e75f-4344-8ce4-d92215260da8', '2022-10-06 00:00:00', 0, 0, 1, '포메');


    INSERT INTO `sports` (`sno`, `name`)
VALUES
  (1, '헬스'),
  (2, '클라이밍'),
  (3, '배드민턴'),
  (4, '축구'),
  (5, '농구'),

  INSERT INTO `admin` (`adno`, `name`, `email`, `pwd`, `cdt`)
VALUES
  (1, 'admin', 'admin@test.com', '0ffe1abd1a08215353c233d6e009613e95eec4253832a761af28ff37ac5a150c', '2022-10-06 00:00:00');

  
  

INSERT INTO `alert` (`alno`, `mno`, `cont`, `aldt`, `alcheck`)
VALUES
  (1, 1, '모임장으로 부터 댓글이 달렸어요!', '2022-10-06 00:00:00', 1),
  (2, 2, '클라이밍 모임이 승인이 완료되었습니다.', '2022-10-06 00:00:00', 1),
  (3, 3, '다른 사용자가 다음 댓글에 댓글을 달았습니다.', '2022-10-06 00:00:00', 1),
  (4, 4, '3대 무게 .... 답글이 달렸습니다.', '2022-10-06 00:00:00', 1),
  (5, 5, '농구모임이 거절 되었습니다.\n', '2022-10-06 00:00:00', 1),
  (6, 6, '배고파요...답글이 달렸습니다.', '2022-10-06 00:00:00', 1),
  (7, 7, '관리자 댓글이 달렸어요.', '2022-10-06 00:00:00', 1),
  (8, 8, '추천식단은....댓글이 달렸습니다.', '2022-10-06 00:00:00', 1),
  (9, 9, '배고파요...답글이 달렸습니다.', '2022-10-06 00:00:00', 1),
  (10, 10, '농구모임이 거절 되었습니다.', '2022-10-06 00:00:00', 1);

  


      멤버 신고     신고번호(PK) 신고자회원번호(FK) 피신고자회원번호(FK) 신고사유번호(FK) 신고일 처리내용 처리일
  INSERT INTO `member_tatlle` (`mtno`, `mnoee`, `mnoer`, `trno`, `tdt`, `cont`, `comdt`) VALUES (1, 2, 1, 1, '2022-10-06 00:00:00', '승인되지 않았습니다.', '2022-10-06 16:13:33');
  
          공지           첨부파일번호(PK)  파일경로   게시글번호(FK)
  INSERT INTO `notice_file` (`nfno`, `filepath`, `nno`) VALUES (1, 'http://image.auction.co.kr/itemimage/1a/c2/ec/1ac2ec2fd6.jpg', 1);

      모임 댓글               모임댓글번호(PK) 회원번호(FK) 모임 일련번호(FK) 내용 등록일 
  INSERT INTO `party_comment` (`pcno`, `mno`, `pno`, `cont`, `cdt`) VALUES (1, 1, 2, '참여하고싶어요!', '2022-10-06 00:00:00');
  
       모임 첨부파일         모임첨부번호(PK)  파일경로   모임 일련번호(FK)
  INSERT INTO `party_file` (`pfno`, `filepath`, `pno`) VALUES (1, 'http://im age.auction.co.kr/itemimage/1a/c2/ec/1ac2ec2fd6.jpg', 1);
  
  